bagus,1
mantap,1
keren,1
luar biasa,1
hebat,1
top,1
ok,1
oke,1
amazing,1
terbaik,1
bagus banget,1
keren banget,1
mantap banget,1
bagus sekali,1
menarik,1
menyenangkan,1
seru,1
seru banget,1
gila keren,1
wow banget,1
bagus parah,1
bagus gila,1
puas,1
puas banget,1
recommended,1
rekomendasi,1
layak ditonton,1
worth it,1
worth banget,1
berkualitas,1
kualitas bagus,1
fitur lengkap,1
fitur keren,1
fitur bagus,1
fitur mantap,1
fitur baru bagus,1
fitur update bagus,1
aplikasi bagus,1
aplikasi keren,1
aplikasi mantap,1
tampilan menarik,1
tampilan bagus,1
tampilan keren,1
UI bagus,1
UX bagus,1
mudah digunakan,1
simple,1
sederhana tapi keren,1
gampang dipakai,1
praktis,1
lancar,1
stabil,1
tidak ngelag,1
tidak buffering,1
cepat,1
responsif,1
loading cepat,1
tanpa gangguan,1
stabil banget,1
koneksi lancar,1
streaming lancar,1
nonton lancar,1
kualitas gambar bagus,1
gambar jernih,1
kualitas video tinggi,1
resolusi bagus,1
4k bagus,1
hd bagus,1
audio jernih,1
suara bagus,1
musik keren,1
subtitle akurat,1
terjemahan bagus,1
cerita menarik,1
alur menarik,1
plot bagus,1
aktor bagus,1
aktris bagus,1
sinematografi indah,1
visual keren,1
cinematic banget,1
scene bagus,1
ending bagus,1
drama menyentuh,1
komedi lucu,1
romantis banget,1
anime keren,1
konten menarik,1
film bagus,1
film seru,1
film keren,1
serial bagus,1
serial seru,1
update rutin,1
pengalaman menyenangkan,1
pelayanan cepat,1
respon cepat,1
cs ramah,1
dukungan bagus,1
layanan bagus,1
mudah login,1
akun aman,1
harga terjangkau,1
paket hemat,1
promo menarik,1
voucher berguna,1
cashback lumayan,1
gratis trial,1
mudah upgrade,1
transaksi lancar,1
pembayaran mudah,1
aplikasi ringan,1
tidak berat,1
irit kuota,1
hemat banget,1
nyaman digunakan,1
nyaman dipakai,1
mudah dioperasikan,1
fitur berguna,1
bisa diandalkan,1
bisa dipercaya,1
kompatibel di banyak perangkat,1
bagus di hp,1
bagus di smart tv,1
update keren,1
versi baru bagus,1
semakin bagus,1
semakin lancar,1
tidak mengecewakan,1
mudah diakses,1
mudah dipahami,1
download cepat,1
update mudah,1
registrasi mudah,1
pembayaran cepat,1
akses cepat,1
langsung jalan,1
fitur auto play bagus,1
fitur skip intro keren,1
bisa offline,1
bisa hemat kuota,1
lanjut otomatis,1
fitur resume bagus,1
akun aman banget,1
keamanan terjamin,1
data aman,1
privasi terlindungi,1
rekomendasi akurat,1
algoritma bagus,1
tepat sasaran,1
film sesuai selera,1
nonton jadi seru,1
pengalaman streaming menyenangkan,1
aplikasi keren banget,1
mantap pol,1
top banget,1
mantul,1
jos,1
mantab,1
mantep,1
oke banget,1
mantap kali,1
the best,1
worth it banget,1
bagus sumpah,1
nggak nyesel,1
worth nonton,1
seru abis,1
super bagus,1
bintang lima,1
review positif,1
pujian,1
apresiasi,1
