film,0
serial,0
episode,0
season,0
tayangan,0
konten,0
trailer,0
video,0
streaming,0
nonton,0
menonton,0
tonton,0
watchlist,0
favorit,0
daftar tontonan,0
genre,0
drama,0
aksi,0
komedi,0
horor,0
romantis,0
anime,0
documentary,0
reality show,0
original series,0
film baru,0
film lama,0
subtitle,0
dubbing,0
bahasa,0
terjemahan,0
aktor,0
aktris,0
sutradara,0
karakter,0
scene,0
cinematography,0
soundtrack,0
musik,0
audio,0
volume,0
kualitas video,0
resolusi,0
HD,0
Full HD,0
4K,0
Ultra HD,0
bitrate,0
kecepatan internet,0
koneksi,0
wifi,0
data seluler,0
buffering,0
loading,0
server,0
lag,0
delay,0
play,0
pause,0
resume,0
stop,0
skip intro,0
lanjut menonton,0
riwayat tontonan,0
akun,0
profil,0
akun premium,0
akun standar,0
akun keluarga,0
akun anak,0
parental control,0
pengaturan,0
bahasa tampilan,0
tema gelap,0
notifikasi,0
rekomendasi,0
rating,0
ulasan,0
review,0
favoritkan,0
hapus tontonan,0
download,0
offline,0
penyimpanan,0
memori,0
aplikasi,0
versi aplikasi,0
update,0
fitur,0
tampilan,0
interface,0
navigasi,0
menu,0
ikon,0
logo,0
homepage,0
dashboard,0
pencarian,0
hasil pencarian,0
kategori,0
filter,0
sortir,0
tag,0
trending,0
populer,0
baru rilis,0
original,0
eksklusif,0
koleksi,0
library,0
histori,0
akun login,0
logout,0
kata sandi,0
verifikasi,0
OTP,0
metode pembayaran,0
langganan,0
harga,0
paket,0
bulan,0
tahun,0
gratis,0
free trial,0
promo,0
voucher,0
diskon,0
kode referral,0
penagihan,0
pembayaran otomatis,0
riwayat pembayaran,0
tagihan,0
invoice,0
saldo,0
wallet,0
e-wallet,0
dana,0
ovo,0
gopay,0
kartu kredit,0
kartu debit,0
paypal,0
rekening,0
bank,0
layanan pelanggan,0
pusat bantuan,0
kontak cs,0
feedback,0
email dukungan,0
laporan bug,0
error,0
crash,0
versi terbaru,0
update aplikasi,0
notifikasi update,0
sistem,0
kompatibilitas,0
device,0
smart tv,0
android tv,0
laptop,0
pc,0
tablet,0
ponsel,0
smartphone,0
ios,0
android,0
chromecast,0
firestick,0
roku,0
apple tv,0
web browser,0
aplikasi web,0
play store,0
app store,0
review pengguna,0
rating aplikasi,0
pengalaman pengguna,0
user interface,0
user experience,0
stabil,0
cukup stabil,0
cukup lancar,0
cukup nyaman,0
cukup wajar,0
cukup standar,0
cukup baik,0
cukup sesuai,0
cukup ringan,0
cukup jelas,0
cukup informatif,0
cukup bisa digunakan,0
cukup bisa dimengerti,0
cukup bisa diterima,0
cukup normal,0
cukup pas,0
cukup oke,0
cukup biasa,0
cukup lumayan,0
cukup simpel,0
cukup seimbang,0
cukup netral,0
cukup layak,0
cukup bisa diandalkan,0
cukup bisa dimanfaatkan,0
cukup bisa dipahami,0
cukup bisa diterapkan,0
cukup bisa dinikmati,0
cukup bisa dimainkan,0
cukup bisa dijalankan,0
cukup bisa dipakai,0
cukup bisa dimaklumi,0
cukup bisa diterima logika,0
cukup masuk akal,0
cukup balance,0
cukup konstan,0
cukup konsisten,0
cukup relevan,0
cukup wajar,0
cukup sesuai ekspektasi,0
cukup standar kok,0
cukup tidak membosankan,0
cukup tidak mengecewakan,0
cukup seperti biasa,0
cukup bisa diterapkan dengan baik,0
cukup bisa digunakan secara wajar,0
cukup bisa digunakan dalam batas normal,0
cukup dapat diterima oleh banyak orang,0
cukup cukup,0
